pan_card_number,date_of_birth,father_name,pan_card_holders_name
ABCDE1234F,01/01/1990,Robert Smith,John Doe
FGHIJ5678K,15/03/1985,Ramesh Kumar,Rajesh Kumar
LMNOP9012Q,22/07/1992,Shankar Sharma,Priya Sharma
RSTUV3456W,08/12/1988,Devendra Patel,Amit Patel
XYZAB7890C,25/05/1995,Harish Singh,Sunita Singh
DEFGH1234I,14/09/1987,Mahesh Gupta,Vikram Gupta
JKLMN5678O,03/11/1993,Venkatesh Reddy,Anita Reddy
PQRST9012U,19/02/1990,Krishnan Nair,Suresh Nair
VWXYZ3456A,06/08/1986,Girish Joshi,Meera Joshi
BCDEF7890G,28/04/1994,Suresh Verma,Ravi Verma
HIJKL1234M,12/10/1989,Raman Iyer,Deepa Iyer
NOPQR5678S,17/06/1991,Prakash Desai,Kiran Desai
TUVWX9012Y,01/03/1988,Ashok Malhotra,Arun Malhotra
ZABCD3456E,24/12/1992,Rajesh Agarwal,Shilpa Agarwal
FGHIJ7890K,09/07/1985,Bhagwan Tiwari,Rohit Tiwari
LMNOP1234Q,16/01/1990,Omkar Choudhary,Neha Choudhary
RSTUV5678W,05/09/1993,Anil Mehta,Sandeep Mehta
XYZAB9012C,21/05/1987,Rajendra Saxena,Pooja Saxena
DEFGH3456I,13/11/1991,Vinod Jain,Manish Jain
JKLMN7890O,30/08/1989,Shyam Mishra,Swati Mishra